{
  "luis_schema_version": "2.1.0",
  "versionId": "0.1",
  "name": "MyFirstApp",
  "desc": "",
  "culture": "en-us",
  "intents": [
    {
      "name": "None"
    },
    {
      "name": "Weather.GetCondition",
      "inherits": {
        "domain_name": "Weather",
        "model_name": "GetCondition"
      }
    },
    {
      "name": "Weather.GetForecast",
      "inherits": {
        "domain_name": "Weather",
        "model_name": "GetForecast"
      }
    }
  ],
  "entities": [
    {
      "name": "Weather.Location",
      "inherits": {
        "domain_name": "Weather",
        "model_name": "Location"
      }
    }
  ],
  "composites": [],
  "closedLists": [],
  "bing_entities": [],
  "actions": [],
  "model_features": [],
  "regex_features": [],
  "utterances": [
    {
      "text": "will it snow today",
      "intent": "Weather.GetForecast",
      "entities": []
    },
    {
      "text": "will it rain this weekend",
      "intent": "Weather.GetForecast",
      "entities": []
    },
    {
      "text": "Get the daily temperature greenwood indiana",
      "intent": "Weather.GetCondition",
      "entities": [
        {
          "entity": "Weather.Location",
          "startPos": 26,
          "endPos": 42
        }
      ]
    },
    {
      "text": "do fl residents usually need ice scrapers",
      "intent": "Weather.GetCondition",
      "entities": []
    },
    {
      "text": "how much rain does chambersburg get a year",
      "intent": "Weather.GetCondition",
      "entities": [
        {
          "entity": "Weather.Location",
          "startPos": 19,
          "endPos": 30
        }
      ]
    },
    {
      "text": "show average rainfall for boise",
      "intent": "Weather.GetCondition",
      "entities": [
        {
          "entity": "Weather.Location",
          "startPos": 26,
          "endPos": 30
        }
      ]
    },
    {
      "text": "Get florence temperature in september",
      "intent": "Weather.GetCondition",
      "entities": [
        {
          "entity": "Weather.Location",
          "startPos": 4,
          "endPos": 11
        }
      ]
    },
    {
      "text": "what to wear in march in california",
      "intent": "Weather.GetCondition",
      "entities": [
        {
          "entity": "Weather.Location",
          "startPos": 25,
          "endPos": 34
        }
      ]
    },
    {
      "text": "current weather ?",
      "intent": "Weather.GetCondition",
      "entities": []
    },
    {
      "text": "What is the rain volume in sonoma county ?",
      "intent": "Weather.GetCondition",
      "entities": [
        {
          "entity": "Weather.Location",
          "startPos": 27,
          "endPos": 39
        }
      ]
    },
    {
      "text": "temperature of delhi in celsius please",
      "intent": "Weather.GetCondition",
      "entities": [
        {
          "entity": "Weather.Location",
          "startPos": 15,
          "endPos": 19
        }
      ]
    },
    {
      "text": "Get the forcast for me",
      "intent": "Weather.GetForecast",
      "entities": []
    },
    {
      "text": "What is the weather in redmond ?",
      "intent": "Weather.GetForecast",
      "entities": [
        {
          "entity": "Weather.Location",
          "startPos": 23,
          "endPos": 29
        }
      ]
    },
    {
      "text": "forecast in celcius",
      "intent": "Weather.GetForecast",
      "entities": []
    },
    {
      "text": "Provide me by toronto weather please",
      "intent": "Weather.GetForecast",
      "entities": [
        {
          "entity": "Weather.Location",
          "startPos": 14,
          "endPos": 20
        }
      ]
    },
    {
      "text": "will it be raining in ranchi",
      "intent": "Weather.GetForecast",
      "entities": [
        {
          "entity": "Weather.Location",
          "startPos": 22,
          "endPos": 27
        }
      ]
    },
    {
      "text": "Show me the forecast at alabama",
      "intent": "Weather.GetForecast",
      "entities": [
        {
          "entity": "Weather.Location",
          "startPos": 24,
          "endPos": 30
        }
      ]
    },
    {
      "text": "soliciting today ' s weather",
      "intent": "Weather.GetForecast",
      "entities": []
    },
    {
      "text": "\" I need to know the temperature at bangor , sme  \"",
      "intent": "Weather.GetForecast",
      "entities": []
    },
    {
      "text": "\" Tell me perth weather , sclimate & temperature at australia  \"",
      "intent": "Weather.GetCondition",
      "entities": [
        {
          "entity": "Weather.Location",
          "startPos": 10,
          "endPos": 14
        }
      ]
    },
    {
      "text": "Get the weather at saint george utah",
      "intent": "Weather.GetCondition",
      "entities": [
        {
          "entity": "Weather.Location",
          "startPos": 19,
          "endPos": 35
        }
      ]
    },
    {
      "text": "Get for me the weather conditions in Sonoma County",
      "intent": "Weather.GetCondition",
      "entities": [
        {
          "entity": "Weather.Location",
          "startPos": 37,
          "endPos": 49
        }
      ]
    },
    {
      "text": "was last year about this time as wet as it is now in the south ?",
      "intent": "Weather.GetCondition",
      "entities": [
        {
          "entity": "Weather.Location",
          "startPos": 57,
          "endPos": 61
        }
      ]
    },
    {
      "text": "what ' s the weather going to be like in Hawaii ?",
      "intent": "Weather.GetForecast",
      "entities": [
        {
          "entity": "Weather.Location",
          "startPos": 41,
          "endPos": 46
        }
      ]
    },
    {
      "text": "I want to know the temperature at death valley",
      "intent": "Weather.GetForecast",
      "entities": [
        {
          "entity": "Weather.Location",
          "startPos": 34,
          "endPos": 45
        }
      ]
    },
    {
      "text": "What will the weather be tomorrow in accord new york ?",
      "intent": "Weather.GetForecast",
      "entities": [
        {
          "entity": "Weather.Location",
          "startPos": 37,
          "endPos": 51
        }
      ]
    },
    {
      "text": "What is the weather today at 10 day durham ?",
      "intent": "Weather.GetForecast",
      "entities": [
        {
          "entity": "Weather.Location",
          "startPos": 36,
          "endPos": 41
        }
      ]
    },
    {
      "text": "what ' s the weather like in minneapolis",
      "intent": "Weather.GetCondition",
      "entities": [
        {
          "entity": "Weather.Location",
          "startPos": 29,
          "endPos": 39
        }
      ]
    }
  ]
}